<?xml version="1.0" ?>
<container xmlns="http://symfony.com/schema/dic/services"
           xmlns:xsi="http://www.w3.org/2001/XMLSchema-instance"
           xsi:schemaLocation="http://symfony.com/schema/dic/services http://symfony.com/schema/dic/services/services-1.0.xsd">
    <services>
        <service id="gen_payment_ameria.ameria_payment_service"
                 class="GenPaymentAmeria\Components\AmeriaPayment\AmeriaPaymentService">
        </service>
        <service id="gen_payment_ameria.subscriber.templates" class="GenPaymentAmeria\Subscriber\TemplateSubscriber">
            <argument>%gen_payment_ameria.plugin_dir%</argument>
            <tag name="shopware.event_subscriber"/>
        </service>
    </services>
</container>
