{
    "apcEsd": {
        "account": {
            "headline": "Downloads",
            "subline": "Hier findest du all deine gekauften Download Artikel.",
            "noPurchase": "Du hast bisher keinen Downloadartikel gekauft.",
            "sidebar": {
                "link": {
                    "title": "Deine Downloads",
                    "label": "Downloads"
                }
            },
            "downloadTable": {
                "product": "Produkt",
                "orderNumber": "Bestellnr.",
                "price": "Preis",
                "purchaseDate": "Kaufdatum",
                "downloadRemaining": "Rest herunterladen",
                "action": "Aktion",
                "serial": "Seriennummer",
                "freeLabel": "Konstelos",
                "downloadButton": "Download",
                "playButton": "Play",
                "hideFilesButton": "Ausblenden",
                "viewFilesButton": "Dateien anzeigen",
                "downloadAllFilesByZipButton": "Laden Sie alle Dateien per Zip herunter",
                "unlimitedDownload": "Unbegrenzt",
                "files": "Dateien",
                "fileNameLabel": "Dateiname",
                "fileTypeLabel": "Dateityp",
                "limitDownloadLabel": "Grenze",
                "downloadLabel": "Download"
            },
            "video": {
                "videoNoJs": "Um dieses Video anzusehen, aktivieren Sie bitte JavaScript und erwägen Sie ein Upgrade auf einen Webbrowser, der",
                "modalTitle": "Play video"
            }
        },
        "checkout": {
            "confirm": "Ich verzichte auf mein gesetzliches Widerrufsrecht, damit ich das digitale Produkt sofort downloaden kann."
        },
        "detail": {
            "instantDownloadAvailable": "Sofortiger Download verfügbar"
        }
    }
}
