{
    "apcEsd": {
        "account": {
            "headline": "Downloads",
            "subline": "Here you will find all your purchased downloads.",
            "noPurchase": "You don't have purchased any download yet.",
            "sidebar": {
                "link": {
                    "title": "Your downloads",
                    "label": "Downloads"
                }
            },
            "downloadTable": {
                "product": "Product",
                "orderNumber": "Order No.",
                "price": "Price",
                "purchaseDate": "Purchase date",
                "downloadRemaining": "Download remaining",
                "action": "Action",
                "serial": "Serial",
                "freeLabel": "Free",
                "downloadButton": "Download",
                "playButton": "Play",
                "hideFilesButton": "Hide",
                "viewFilesButton": "View files",
                "downloadAllFilesByZipButton": "Download all files by zip",
                "unlimitedDownload": "Unlimited",
                "files": "Files",
                "fileNameLabel": "File name",
                "fileTypeLabel": "File type",
                "limitDownloadLabel": "Limit",
                "downloadLabel": "Download"
            },
            "video": {
                "videoNoJs": "To view this video please enable JavaScript, and consider upgrading to a web browser that",
                "modalTitle": "Play video"
            }
        },
        "checkout": {
            "confirmESD": "I would like to waive my right of withdrawal in order to be able to download the article immediately."
        },
        "detail": {
            "instantDownloadAvailable": "Instant download available"
        }
    }
}
