<?xml version="1.0" encoding="UTF-8" ?>

<container xmlns="http://symfony.com/schema/dic/services"
           xmlns:xsi="http://www.w3.org/2001/XMLSchema-instance"
           xmlns:monolog="http://symfony.com/schema/dic/monolog"
           xsi:schemaLocation="http://symfony.com/schema/dic/services
        https://symfony.com/schema/dic/services/services-1.0.xsd
        http://symfony.com/schema/dic/monolog
        https://symfony.com/schema/dic/monolog/monolog-1.0.xsd">

    <monolog:config>
        <monolog:channel>apc_esd</monolog:channel>
        <monolog:handler
            name="apc_esd"
            type="rotating_file"
            path="%kernel.logs_dir%/apc_esd_%kernel.environment%.log"
            level="info"
            max-files="14"
        >
            <monolog:channels>
                <monolog:channel>apc_esd</monolog:channel>
            </monolog:channels>
        </monolog:handler>
    </monolog:config>
</container>
