<?xml version="1.0" ?>

<container xmlns="http://symfony.com/schema/dic/services"
           xmlns:xsi="http://www.w3.org/2001/XMLSchema-instance"
           xsi:schemaLocation="http://symfony.com/schema/dic/services http://symfony.com/schema/dic/services/services-1.0.xsd">

    <imports>
        <import resource="monologs.xml"/>
    </imports>

    <services>
        <!-- DAL -->
        <service id="Apc\Esd\Content\Product\Extension\Esd\EsdDefinition">
            <tag name="shopware.entity.definition"/>
        </service>

        <service id="Apc\Esd\Content\Product\Extension\Esd\Aggregate\EsdOrder\EsdOrderDefinition">
            <tag name="shopware.entity.definition"/>
        </service>

        <service id="Apc\Esd\Content\Product\Extension\Esd\Aggregate\EsdSerial\EsdSerialDefinition">
            <tag name="shopware.entity.definition"/>
        </service>

        <service id="Apc\Esd\Content\Product\Extension\Esd\Aggregate\EsdMedia\EsdMediaDefinition">
            <tag name="shopware.entity.definition"/>
        </service>

        <service id="Apc\Esd\Content\Product\Extension\Esd\Aggregate\EsdDownloadHistory\EsdDownloadHistoryDefinition">
            <tag name="shopware.entity.definition"/>
        </service>

        <service id="Apc\Esd\Content\Product\Extension\Esd\Aggregate\EsdVideo\EsdVideoDefinition">
            <tag name="shopware.entity.definition"/>
        </service>

        <service id="Apc\Esd\Content\Product\Extension\Esd\Aggregate\EsdMediaDownloadHistory\EsdMediaDownloadHistoryDefinition">
            <tag name="shopware.entity.definition"/>
        </service>

        <!-- DAL Extension -->
        <service id="Apc\Esd\Content\Product\Extension\ProductExtension">
            <tag name="shopware.entity.extension"/>
        </service>

        <service id="Apc\Esd\Content\Product\Extension\OrderLineItemExtension">
            <tag name="shopware.entity.extension"/>
        </service>

        <!-- Subscribers -->
<!--        <service id="Apc\Esd\Checkout\Cart\Subscriber\OrderPlacedSubscriber">-->
<!--            <argument type="service" id="product.repository"/>-->
<!--            <argument type="service" id="Apc\Esd\Service\EsdOrderService"/>-->
<!--            <argument type="service" id="Shopware\Core\System\SystemConfig\SystemConfigService"/>-->
<!--            <argument type="service" id="event_dispatcher"/>-->
<!--            <tag name="kernel.event_listener"/>-->
<!--        </service>-->

        <service id="Apc\Esd\Subscriber\MediaPermissionSubscriber">
            <tag name="kernel.event_listener" priority="-10000"/>
        </service>

        <service id="Apc\Esd\Subscriber\ProductSubscriber">
            <argument type="service" id="messenger.bus.shopware"/>

            <tag name="kernel.event_subscriber"/>
        </service>

        <service id="Apc\Esd\Subscriber\OrderStateChangedSubscriber">
            <argument type="service" id="order.repository"/>
            <argument type="service" id="Apc\Esd\Service\EsdService"/>
            <argument type="service" id="Apc\Esd\Service\EsdOrderService"/>
            <argument type="service" id="Shopware\Core\System\SystemConfig\SystemConfigService"/>
            <argument type="service" id="event_dispatcher"/>
            <tag name="kernel.event_subscriber"/>
        </service>

        <service id="Apc\Esd\Subscriber\MediaFileExtensionSubscriber">
            <tag name="kernel.event_subscriber"/>
        </service>

        <service id="Apc\Esd\Subscriber\BusinessEventSubscriber">
            <argument type="service" id="Shopware\Core\Framework\Event\BusinessEventCollector"/>

            <tag name="kernel.event_subscriber"/>
        </service>

        <service id="Apc\Esd\Subscriber\ReadEsdFileSubscriber">
            <argument type="service" id="Apc\Esd\Service\EsdService"/>

            <tag name="kernel.event_subscriber"/>
        </service>

        <!-- Storefront -->
        <service id="Apc\Esd\Storefront\Controller\DownloadsController" public="true">
            <argument type="service" id="Apc\Esd\Service\EsdService"/>
            <argument type="service" id="Apc\Esd\Service\EsdDownloadService"/>
            <argument type="service" id="Shopware\Storefront\Page\GenericPageLoader"/>
            <argument type="service" id="Shopware\Core\System\SystemConfig\SystemConfigService"/>
            <call method="setContainer">
                <argument type="service" id="service_container"/>
            </call>
            <call method="setTwig">
                <argument type="service" id="twig"/>
            </call>
        </service>

        <service id="Apc\Esd\Storefront\Controller\StreamDownloadController" public="true">
            <argument type="service" id="shopware.filesystem.public"/>
            <argument type="service" id="shopware.filesystem.private"/>
            <argument type="service" id="Apc\Esd\Service\EsdService"/>
            <argument type="service" id="Apc\Esd\Service\EsdDownloadService"/>
            <argument type="service" id="Shopware\Core\System\SystemConfig\SystemConfigService"/>
            <argument type="service" id="apc_esd.shopware6.logger"/>

            <call method="setContainer">
                <argument type="service" id="service_container"/>
            </call>
        </service>

        <service id="Apc\Esd\Api\Controller\EsdSendMailController" public="true">
            <argument type="service" id="Apc\Esd\Service\EsdMailService"/>
            <call method="setContainer">
                <argument type="service" id="service_container"/>
            </call>
        </service>

        <service id="Apc\Esd\Api\Controller\MediaController" public="true">
            <argument type="service" id="Apc\Esd\Service\EsdMediaService"/>
            <argument type="service" id="Shopware\Core\Content\Media\File\FileNameProvider"/>
            <call method="setContainer">
                <argument type="service" id="service_container"/>
            </call>
        </service>

        <service id="Apc\Esd\Storefront\Controller\CheckoutControllerDecorator" decorates="Shopware\Storefront\Controller\CheckoutController">
            <argument type="service" id=".inner"/>
            <argument type="service" id="Shopware\Core\Checkout\Cart\SalesChannel\CartService"/>
            <argument type="service" id="Apc\Esd\Service\EsdCartService"/>
            <tag name="controller.service_arguments" />
            <call method="setContainer">
                <argument type="service" id="service_container"/>
            </call>
            <call method="setTwig">
                <argument type="service" id="twig"/>
            </call>
        </service>

        <!-- Service -->
        <service id="Apc\Esd\Service\EsdService">
            <argument type="service" id="apc_product_esd.repository"/>
            <argument type="service" id="apc_product_esd_order.repository"/>
            <argument type="service" id="product.repository"/>
            <argument type="service" id="apc_product_esd_video.repository"/>
            <argument type="service" id="Shopware\Core\System\SystemConfig\SystemConfigService"/>
            <argument type="service" id="shopware.filesystem.public"/>
            <argument type="service" id="shopware.filesystem.private"/>
            <argument type="service" id="apc_esd.shopware6.logger"/>
            <argument type="service" id="event_dispatcher"/>
        </service>

        <service id="Apc\Esd\Service\EsdOrderService">
            <argument type="service" id="apc_product_esd_order.repository"/>
            <argument type="service" id="apc_product_esd_serial.repository"/>
            <argument type="service" id="Apc\Esd\Service\EsdService"/>
        </service>

        <service id="Apc\Esd\Service\EsdDownloadService">
            <argument type="service" id="apc_product_esd_order.repository"/>
            <argument type="service" id="apc_product_esd_download_history.repository"/>
            <argument type="service" id="apc_product_esd_media_download_history.repository"/>
            <argument type="service" id="Shopware\Core\System\SystemConfig\SystemConfigService"/>
        </service>

        <service id="Apc\Esd\Service\EsdMailService">
            <argument type="service" id="order.repository"/>
            <argument type="service" id="Apc\Esd\Service\EsdOrderService"/>
            <argument type="service" id="Shopware\Core\System\SystemConfig\SystemConfigService"/>
            <argument type="service" id="event_dispatcher"/>
        </service>

        <service id="Apc\Esd\Service\EsdCartService">
            <argument type="service" id="product.repository"/>
        </service>

        <service id="Apc\Esd\Service\EsdMediaService">
            <argument type="service" id="logger"/>
            <argument type="service" id="media.repository"/>
        </service>

        <!-- Message -->
        <service id="Apc\Esd\Message\CompressMediaHandler">
            <argument type="service" id="Apc\Esd\Service\EsdService"/>

            <tag name="messenger.message_handler"/>
        </service>

        <!-- Extension -->
        <service id="Apc\Esd\Extension\Twig\EsdExtension">
            <argument type="service" id="apc_product_esd.repository" />
            <tag name="twig.extension"/>
        </service>

        <!-- Validation -->
        <service id="Apc\Esd\Checkout\Order\Validation\EsdOrderValidationFactory"/>

        <service id="Apc\Esd\Subscriber\CartSubscriber">
            <argument type="service" id="Apc\Esd\Service\EsdCartService"/>
            <tag name="kernel.event_subscriber"/>
        </service>

        <service id="Apc\Esd\Subscriber\ProductListingSubscriber">
            <tag name="kernel.event_subscriber"/>
        </service>

        <service id="Apc\Esd\Subscriber\OrderStorerSubscriber">
            <tag name="kernel.event_subscriber"/>
        </service>

        <!-- logger -->
        <service id="apc_esd.shopware6.logger" class="Apc\Esd\Service\LoggerService">
            <argument type="service" id="monolog.logger.business_events"/>
        </service>
    </services>
</container>
