{
    "apc-esd": {
        "general": {
            "tabLabel": "ESD",
            "videoTabLabel": "ESD video"
        },
        "tab": {
            "esdCard": {
                "title": "Electronic Software Delivery",
                "mediaUpload": {
                    "label": "Deine downloadbaren Produkte"
                }
            }
        },
        "emptyStateDescription": "Es gibt bisher keinen ESD für dieses Produkt.",
        "emptyStateSerialDescription" : "Derzeit sind keine Seriennummer konfiguriert.",
        "buttonAddEsd": "ESD hinzufügen",
        "contextMenuDelete": "Löschen",
        "notification": {
            "success": "Seriennummer gespeichert",
            "error": "Es gab ein Problem beim speichern der Seriennummer",
            "messageSaveSuccess": "Haben Ihre ESD-Datei erfolgreich aktualisiert",
            "messageSaveError": "Anfrage kann nicht verarbeitet werden"
        },
        "apc-esd-modal-csv": {
            "buttonImport": "Von CSV importieren",
            "modalHeadline": "CSV Import",
            "checkboxLabel": "Hat die .csv Datei einen Header?",
            "selectLabel": "CSV Datei auswählen",
            "selectPlaceholder": "CSV Spalte mappen",
            "notification": {
                "success": {
                    "ready": "Die CSV ist bereit für den Import."
                },
                "error": {
                    "invalid": "Dieser Filetyp ist nicht valide."
                }
            }
        },
        "overview": {
            "addNewEsd": "ESD hinzufügen"
        },
        "media": {
            "label": "Lade deine Datei hoch",
            "fileName": "Dateiname",
            "fileType": "Dateityp",
            "downloadLimit": "Download limit",
            "labelContextMenuAddToEsd": "Add to ESD"
        },
        "video": {
            "title": "Videotitel",
            "fileType": "Dateityp",
            "option": "Möglichkeit",
            "playAndDownloadOptionLabel": "Play and download",
            "playOptionLabel": "Play",
            "downloadOptionLabel": "Download"
        },
        "serialModal": {
            "serialSwitch": "Seriennummer",
            "modalHeadline": "Seriennummer hinzufügen",
            "buttonOpen": "Manuell hinufügen",
            "cancel": "Abbrechen",
            "save": "Seriennummern importieren",
            "textAreaSerialNumber": {
                "label": "Seriennummern",
                "placeholder": "Neue Zeile für jede Seriennummer"
            },
            "increaseStockLabel": "Bestand erhöhen"
        },
        "serial": {
            "messageDeleteSuccess": "Die Auswahlserie wurde gelöscht.",
            "messageDeleteError": "Die Selektionsserie konnte nicht gelöscht werden.",
            "deleteModalTitle": "Löschbestätigung",
            "deleteModalMessage": "Wollen Sie diese Serie wirklich löschen?"
        },
        "downloadLimit": {
            "title": "Download Limit",
            "customLimitToggle": "Benutzerdefiniertes Download Limit",
            "unlimitedToggle": "Unbegrenzt",
            "downloadLimitLabel": "Anzahl der limitierten Downloads",
            "downloadLimitPlaceholder": "Benutzerdefiniertes Download Limit"
        },
        "alertMailSettingTitle": "Email Benachrichtigungen aktivieren",
        "alertMailSetting": "Aktuell werden keine Bestätigungs Emails des ESD nach erfolgreichen Kauf versendet. Hierzu musst dem Email Template ein Saleschannel zugewiesen werden. Andernfalls bekommt der Kunde nach Kauf keine Email Benachrichtigung. Schau in unserer <a href=\"http://shapeandshift.dev/plugins/shopware-esd#email-template\" target=\\\"_blank\\\">Plugin Dokumentation</a> wie du das Email Template zuweisen kannst.",
        "alertDownloadMailSetting": "Aktuell werden keine Download Bestätigungs Emails des ESD nach erfolgreichen Kauf versendet. Hierzu musst dem Download Email Template ein Saleschannel zugewiesen werden. Andernfalls bekommt der Kunde nach Kauf keine Email Benachrichtigung. Schau in unserer <a href=\"http://shapeandshift.dev/plugins/shopware-esd#email-template\" target=\\\"_blank\\\">Plugin Dokumentation</a> wie du das Email Template zuweisen kannst.",
        "alertSerialMailSetting": "Aktuell werden keine Seriennummer Bestätigungs Emails des ESD nach erfolgreichen Kauf versendet. Hierzu musst dem Seriennummer Email Template ein Saleschannel zugewiesen werden. Andernfalls bekommt der Kunde nach Kauf keine Email Benachrichtigung. Schau in unserer <a href=\"http://shapeandshift.dev/plugins/shopware-esd#email-template\" target=\\\"_blank\\\">Plugin Dokumentation</a> wie du das Email Template zuweisen kannst.",
        "uploadingMediaModalTitle": "Medien hochladen",
        "fileNameUploadingLabel": "Datei hochladen: ",
        "videoPlayAlertTitle": "ESD Video",
        "videoPlayAlertMessage": "Wir unterstützen nur das Abspielen von Videos in den Formaten mp4 und webp",
        "videoDoesntSupport": "Wir akzeptieren nur Videodateien",
        "esdMail": {
            "cardTitle": "ESD - Mail-Dienst",
            "sendMailDownload": "E-Mail-Download erneut senden",
            "sendMailSerial":"E-Mail-Seriennummer erneut senden",
            "alertSendMailDownloadSuccessTitle": "Erfolg erneut senden Download-Serie",
            "alertSendMailDownloadSuccessMessage": "ESD E-Mail-Download wurde erfolgreich gesendet",
            "alertSendMailDownloadErrorTitle": "ESD E-Mail-Download erneut senden fehlgeschlagen",
            "alertSendMailDownloadErrorMessage": "Ein Fehler ist aufgetreten",
            "alertSendMailSerialSuccessTitle": "Erfolgreiche E-Mail-Seriennummer erneut senden",
            "alertSendMailSerialSuccessMessage": "Esd E-Mail-Serie wurde erfolgreich gesendet",
            "alertSendMailSerialErrorTitle": "ESD E-Mail-Serie erneut senden fehlgeschlagen",
            "alertSendMailSerialErrorMessage": "Ein Fehler ist aufgetreten"
        },
        "esdChange": {
            "changeEsdVideoLabel": "Switch to ESD Video",
            "changeEsdNormalLabel": "Switch to ESD Normal",
            "confirmChangeTitle": "Confirm switch ESD type",
            "confirmChangeToVideoMessage": "Do you really want to change over to ESD Video?",
            "confirmChangeToNormalMessage": "Do you really want to change over to ESD Normal?"
        },
        "orderStatusChange": {
            "errorTitle": "Change status failed",
            "errorMessage": "Please add more serial keys."
        }
    }
}
