{
    "apc-esd": {
        "general": {
            "tabLabel": "ESD",
            "videoTabLabel": "ESD video"
        },
        "tab": {
            "esdCard": {
                "title": "Electronic Software Delivery",
                "mediaUpload": {
                    "label": "Your downloadable products"
                }
            }
        },
        "emptyStateDescription": "There is no ESD configured for this product, yet.",
        "emptyStateSerialDescription" : "There are no serial numbers configured for this ESD product",
        "buttonAddEsd": "Add new ESD",
        "contextMenuDelete": "Delete",
        "notification": {
            "success": "Serials successfully saved",
            "error": "There was an error while saving your serials",
            "messageSaveSuccess": "Have updated your ESD file successfully",
            "messageSaveError": "Cannot process request"
        },
        "apc-esd-modal-csv": {
            "buttonImport": "Import from CSV",
            "modalHeadline": "CSV import",
            "checkboxLabel": "Does the CSV file has a header?",
            "selectLabel": "Select csv file",
            "selectPlaceholder": "Map csv column",
            "notification": {
                "success": {
                    "ready": "The CSV is ready for the import."
                },
                "error": {
                    "invalid": "The filetype is not valid."
                }
            }
        },
        "overview": {
            "addNewEsd": "Add new ESD"
        },
        "media": {
            "label": "Upload your file",
            "fileName": "Filename",
            "fileType": "File Type",
            "downloadLimit": "Download limit",
            "labelContextMenuAddToEsd": "Add to ESD"
        },
        "video": {
            "title": "Video title",
            "fileType": "File Type",
            "option": "Option",
            "playAndDownloadOptionLabel": "Play and download",
            "playOptionLabel": "Play",
            "downloadOptionLabel": "Download"
        },
        "serialModal": {
            "title": "Serial numbers",
            "serialSwitch": "Enable serial numbers",
            "modalHeadline": "Add serial numbers",
            "buttonOpen": "Add them manually",
            "cancel": "Cancel",
            "save": "Import serial numbers",
            "textAreaSerialNumber": {
                "label": "Serial numbers",
                "placeholder": "New line for each serial number"
            },
            "increaseStockLabel": "Increase Stock"
        },
        "serial": {
            "messageDeleteSuccess": "The Selection series has been deleted.",
            "messageDeleteError": "The Selection series could not be deleted.",
            "deleteModalTitle": "Delete confirmation",
            "deleteModalMessage": "Do you really want to delete this serials?"
        },
        "downloadLimit": {
            "title": "Download limit",
            "customLimitToggle": "Custom download limit",
            "unlimitedToggle": "Unlimited",
            "downloadLimitLabel": "Download limit number",
            "downloadLimitPlaceholder": "Input your custom download limit number for this ESD"
        },
        "alertMailSettingTitle": "Enable sending of confirmation emails",
        "alertMailSetting": "You need to set a sales channel for the Email Templates, so Shopware is able to send a confirmation email with the download link or the serial number.Otherwise, the customer will get no email. Read our <a href=\"http://shapeandshift.dev/plugins/shopware-esd#email-template\" target=\\\"_blank\\\">Plugin Documentation</a> on how to assign an Email template.",
        "alertDownloadMailSetting": "You need to set a sales channel for the Email Templates, so Shopware is able to send a confirmation email with the download link. Otherwise, the customer will get no email. Read our <a href=\"http://shapeandshift.dev/plugins/shopware-esd#email-template\" target=\\\"_blank\\\">Plugin Documentation</a> on how to assign an Email template.",
        "alertSerialMailSetting": "You need to set a sales channel for the Email Templates, so Shopware is able to send a confirmation email with the serial number. Otherwise, the customer will get no email. Read our <a href=\"http://shapeandshift.dev/plugins/shopware-esd#email-template\" target=\\\"_blank\\\">Plugin Documentation</a> on how to assign an Email template.",
        "uploadingMediaModalTitle": "Uploading media",
        "fileNameUploadingLabel": "Uploading file: ",
        "videoPlayAlertTitle": "ESD Video",
        "videoPlayAlertMessage": "We only support playing videos in mp4 and webp formats",
        "videoDoesntSupport": "We only accept video files",
        "esdMail": {
            "cardTitle": "ESD - Mail service",
            "sendMailDownload": "Resend email download",
            "sendMailSerial": "Resend email serial",
            "alertSendMailDownloadSuccessTitle": "Resend email download",
            "alertSendMailDownloadSuccessMessage": "Esd email download was sent successfully",
            "alertSendMailDownloadErrorTitle": "ESD resend email download failed",
            "alertSendMailDownloadErrorMessage": "An error occurred",
            "alertSendMailSerialSuccessTitle": "Success resend email serial",
            "alertSendMailSerialSuccessMessage": "ESD email serial was sent successfully",
            "alertSendMailSerialErrorTitle": "ESD resend email serial failed",
            "alertSendMailSerialErrorMessage": "An error occurred"
        },
        "esdChange": {
            "changeEsdVideoLabel": "Switch to ESD Video",
            "changeEsdNormalLabel": "Switch to ESD Normal",
            "confirmChangeTitle": "Confirm switch ESD type",
            "confirmChangeToVideoMessage": "Do you really want to change over to ESD Video?",
            "confirmChangeToNormalMessage": "Do you really want to change over to ESD Normal?",
            "changeButton": "Change",
            "closeButton": "Cancel",
            "messageChangeSuccess": "Your change has been completed"
        },
        "orderStatusChange": {
            "errorTitle": "Change status failed",
            "errorMessage": "Please add more serial keys."
        }
    }
}
