<?xml version="1.0" ?>
<container xmlns="http://symfony.com/schema/dic/services"
           xmlns:xsi="http://www.w3.org/2001/XMLSchema-instance"
           xsi:schemaLocation="http://symfony.com/schema/dic/services http://symfony.com/schema/dic/services/services-1.0.xsd">
    <services>
        <service id="apc_import_serial.subscriber.templates" class="ApcImportSerial\Subscriber\TemplateSubscriber">
            <argument>%apc_import_serial.plugin_dir%</argument>
            <tag name="shopware.event_subscriber"/>
        </service>
        <service id="apc_import_serial.message_bird_api_service" class="ApcImportSerial\Components\MessageBirdApiService"></service>
    </services>
</container>
